benchmark,original_2q,ours_2q,ours_fid,qiskit_2q,qiskit_fid,guoq_2q,guoq_fid,quartz_2q,quartz_fid,tket_2q,tket_fid,queso_2q,queso_fid
grover_pigeon3,92,92,0.1057913729,92,0.3277611720944381,92,0.1084414993773882,92,0.1081978601912925,92,0.3282222589862066,92,0.1084414993773882
portfolioqaoa_nativegates_ibm_tket_8,168,161,0.1401550631,168,0.1358502737713242,168,0.1139579811436375,168,0.1098679614244929,168,0.1347471121063624,168,0.1139579811436375
portfoliovqe_nativegates_ibm_tket_8,84,84,0.3591166365,84,0.3619549092390153,84,0.3558000887888232,84,0.3480822229980316,84,0.3722759621900383,84,0.3552003791805612
qaoa_10,85,42,0.6093727421,75,0.4156457017551105,48,0.5686561906563261,59,0.5023539957902513,40,0.6218319830923373,59,0.5009435725787981
qaoa_5,42,30,0.6987776445,42,0.6124644959067825,36,0.6504393437461612,30,0.7027180470732873,20,0.7894505811068684,39,0.6283334446545662
qaoa_n10_p4,120,116,0.2556436548,120,0.2439880966297874,116,0.2560752758412036,0,1.0,120,0.2445375073221508,120,0.2445375073221508
qaoa_n4_p4,48,36,0.652454094,48,0.568017021891055,36,0.6537394558067346,44,0.5961566058853908,48,0.5692960786548152,36,0.6537394558067346
qaoa_n8_p4,96,88,0.3533104731,96,0.3233698631717639,88,0.3554026987407892,95,0.3278550871883303,96,0.3240980251717496,90,0.3473038815791266
qaoa_nativegates_ibm_tket_8,32,32,0.678834191,32,0.6799803142040186,32,0.6615002717036453,32,0.6596430249306288,32,0.6811283724600317,32,0.6615002717036453
qe_qft_4,27,25,0.735045261,25,0.743776584430035,27,0.7146692622659042,27,0.7260106587105265,12,0.8681411406126524,27,0.7146692622659042
qe_qft_5,38,36,0.6386603619,26,0.7340139745273586,38,0.6207816618273063,34,0.6650458249858955,20,0.7856862626449129,38,0.6207816618273063
qft_10_quest,216,94,0.3370136313,190,0.1100887139929989,101,0.3113287291959633,131,0.2203194998003274,107,0.2857470382916369,114,0.2680076261564953
qft_20,380,380,0.0090417385,368,0.014086484667668,380,0.0090417385172885,380,0.0090927248214117,380,0.0124581027931406,380,0.0090417385172885
qft_5,33,25,0.7377368041,33,0.6824714378242762,33,0.6703008118866015,21,0.7839224291743616,20,0.7912282604131285,33,0.6703008118866015
qft_nativegates_ibm_tket_8,68,68,0.4356216545,68,0.4464086646352775,68,0.4136586374734474,68,0.4118019638284762,56,0.5103233458987361,68,0.4120335915252119
qftentangled_nativegates_ibm_tket_8,75,74,0.4016295723,75,0.4085779024245938,75,0.3783904314435271,75,0.3757400724618103,61,0.4807983732626921,75,0.3765861613334044
qpeexact_nativegates_ibm_tket_8,64,64,0.4543830843,64,0.4685237661730499,64,0.4357410497145525,64,0.4339072401412749,55,0.514934549226503,64,0.4357410497145525
qpeinexact_nativegates_ibm_tket_8,65,63,0.4639350345,65,0.46315470857858,65,0.4294175360401313,65,0.4282118912850153,56,0.5077472061023177,65,0.4294175360401313
qf21_n15,115,87,0.3627718927,115,0.2633767292534417,81,0.3895126977873053,114,0.2663549896718291,115,0.2633767292534417,85,0.3719627514774221
vqe_4,74,74,0.4064003774,72,0.4255766737361808,74,0.4058294657777835,74,0.4150610640288247,68,0.444905067793629,74,0.4058294657777835
vqe_nativegates_ibm_tket_8,14,14,0.8344014396,14,0.8353403609626198,14,0.8339323746904869,14,0.8400508397725289,14,0.8412326040070265,14,0.8339323746904869
vqe_uccsd_n4,88,56,0.5156598646,71,0.4334249258157023,84,0.3669759706463996,74,0.4145945359716848,61,0.4877422265836574,88,0.3505399858727386
vqe_uccsd_n6,1052,676,0.0003519909,931,1.8531917284086012e-05,952,1.289135948241526e-05,1052,3.438422712154218e-06,838,5.738966028267097e-05,1052,3.97973347851424e-06
ham15-high,2149,1520,2.17e-08,2143,1.6883247750677248e-11,1585,1.0525868498945332e-08,2149,1.5817294995798442e-11,2120,2.195252669463883e-11,2149,1.5817294995798442e-11
misex1_241,2100,1600,8.2e-09,2100,2.812975047503692e-11,1580,1.0346790558855314e-08,2100,2.5818070562709828e-11,2100,2.812975047503692e-11,2100,2.5818070562709828e-11
0410184_169,104,75,0.4159964356,102,0.3060353201530977,79,0.3980358392658513,95,0.3310042002632354,97,0.3216476005443622,96,0.3272110509215469
4gt10-v1_81,66,45,0.5914828906,66,0.4653745669381174,50,0.5588313889628898,59,0.5043352622263615,65,0.4707693579369189,58,0.50960825623599
4gt12-v1_89,100,67,0.4584920823,100,0.3142301835626677,74,0.4223597455590746,95,0.3328707307748631,100,0.3142301835626677,84,0.3763804861788781
4gt13_90,53,30,0.705687924,49,0.5669012131800009,38,0.6431675707394402,42,0.6152258880027762,46,0.5868458160339034,40,0.6285112482686631
4gt13_92,30,19,0.8008506698,30,0.706482008749294,24,0.7566414841282924,25,0.7483914494317533,30,0.706482008749294,26,0.7393993498997241
4gt4-v0_72,113,83,0.3804226139,113,0.2705053458472867,81,0.3894031986904012,102,0.3070695941457431,113,0.2705053458472867,97,0.3238253484917287
4gt4-v0_73,179,117,0.2565802113,179,0.1261343094707299,135,0.2081568800019904,176,0.1305719410195023,169,0.1415430842209181,156,0.1634084032760492
4gt5_76,46,29,0.7138685147,46,0.5875061721520883,36,0.6585358663485261,36,0.6592768926564692,36,0.6592768926564692,41,0.621658280629233
4mod5-bdd_287,31,21,0.7819412844,31,0.6979934610179095,23,0.7641226254193103,26,0.7393993498997241,29,0.712865671609191,27,0.7296941943913732
4mod5-v0_18,31,19,0.8006255362,31,0.6987788875129834,21,0.7823811056712511,16,0.8301922895461414,28,0.7233631838067948,21,0.7823811056712511
4mod7-v1_96,72,47,0.5776794148,70,0.4445315420316881,51,0.5524274493347107,61,0.4931198224338047,69,0.4496847131158198,62,0.4866472652674784
C17_204,205,157,0.1608107808,205,0.0932374083226943,157,0.1609917352634576,198,0.1010431512944823,205,0.0932374083226943,177,0.1278476472310891
TFIM_step_100_16,240,240,0.0448893817,240,0.053033712139782,240,0.044889381673838,240,0.044889381673838,240,0.0513752721600055,240,0.044889381673838
TFIM_step_10_4,12,12,0.8567446313,12,0.8632731489944624,12,0.8562630060045069,12,0.8649738332064206,12,0.8620604221847497,12,0.8562630060045069
XY_step_100_8,56,56,0.484866617,56,0.5067488895938482,56,0.4847303121498933,56,0.5126242186239043,56,0.5137785422600435,56,0.4847303121498933
adder_8,409,313,0.0262040545,385,0.0113734880801265,314,0.026123184007026,409,0.0087397621416323,383,0.0111361286429033,374,0.0130825856147653
adder_9,98,39,0.6352611272,93,0.3404414903952817,53,0.540446348278798,67,0.4599122716039207,56,0.5201739419541339,65,0.4706370161163901
ae_nativegates_ibm_tket_8,56,56,0.5046162446,56,0.5149354651940866,56,0.4799837070395382,56,0.4774264723810041,56,0.5097497431696236,56,0.4799837070395382
aj-e11_165,69,47,0.5780043441,69,0.4495582985720643,51,0.5524274493347107,61,0.4928426115193687,69,0.449179268125391,61,0.4922886571113207
alu-bdd_288,38,30,0.7052912163,38,0.644253475469567,30,0.7052912163294454,30,0.706482008749294,38,0.6438913036668152,33,0.681321115799285
alu-v0_27,17,13,0.8591583524,17,0.8211402941993021,15,0.8398161800831451,15,0.8402885544391718,17,0.8206786841778031,15,0.8398161800831451
alu-v1_28,18,13,0.8593999453,18,0.8117304203551061,13,0.8593999453465048,14,0.8500294845456662,18,0.8112741001630044,15,0.8398161800831451
alu-v1_29,17,13,0.8591583524,17,0.8209094567422508,15,0.839344071275817,15,0.8398161800831451,17,0.8204479764877164,15,0.839344071275817
alu-v2_30,223,168,0.1413042586,221,0.0773832175411242,170,0.1383562884866544,222,0.0764319475053042,219,0.0789431969532832,199,0.0990462832885686
alu-v3_34,24,17,0.8204479765,24,0.7570670749209976,19,0.8015264507718172,21,0.783702054335428,24,0.7566414841282924,21,0.7832614904942596
alu-v4_37,18,14,0.8497905258,18,0.8117304203551061,16,0.8301922895461414,16,0.8306592507186613,17,0.8206786841778031,16,0.8301922895461414
barenco_tof_3,24,19,0.8019772882,24,0.7570670749209976,21,0.783702054335428,22,0.7747212047597479,24,0.7570670749209976,22,0.7747212047597479
cm42a_207,771,573,0.0012651815,771,0.0001332321927663,580,0.0011648212711282,771,0.000128884519886,769,0.0001360327312722,771,0.000128884519886
cm82a_208,283,216,0.0808521061,283,0.0378174855059419,217,0.0798581931115895,283,0.037637161287705,282,0.0380413645280544,247,0.0565136317703233
csum_mux_9,168,159,0.1578104125,168,0.1421010723814369,151,0.1727130902552346,168,0.1419812644875362,168,0.1409867855359028,168,0.1419812644875362
cycle10_2_110,2648,2051,0.0,2644,5.1564772265244895e-14,2112,2.167622239763568e-11,2646,4.6028215163678225e-14,2638,5.5024331878735195e-14,2523,4.4979337087599855e-14
dc1_220,833,621,0.0007253434,833,6.525771805729769e-05,608,0.0008416417545869,833,6.296866972884409e-05,833,6.525771805729769e-05,833,6.293327143065725e-05
decod24-v3_45,64,51,0.5518065217,64,0.4759589729973207,49,0.5640394652555768,57,0.5155158202263153,64,0.4760928113373289,55,0.5263519543089634
ex1_226,5,5,0.9434699652,5,0.9434699651600734,5,0.9429395866194296,5,0.9429395866194296,5,0.9434699651600734,5,0.9429395866194296
f2_232,525,388,0.0109038586,525,0.0022966824084449,392,0.010424289451696,525,0.0022557252914996,525,0.0022966824084449,476,0.0039589583092946
gf2^10_mult,609,573,0.0013376105,609,0.0008850848000261,576,0.0012946958939737,609,0.0008850848000261,609,0.0008850848000261,609,0.0008850848000261
gf2^4_mult,99,90,0.3528153975,99,0.3182305446638356,93,0.3410162815408095,99,0.3182305446638356,99,0.3182305446638356,99,0.3182305446638356
gf2^8_mult,405,382,0.012095739,405,0.0093130579632607,376,0.0130092729527646,405,0.0093130579632607,402,0.0096325798197723,405,0.0093130579632607
ham15-med,534,370,0.0135276083,533,0.0020885051717342,376,0.0127629147973548,534,0.0020657331713983,498,0.0031227779665256,534,0.0020657331713983
ham7_104,149,101,0.3077605039,149,0.1780373309966643,112,0.2721067339748758,142,0.1929966939218927,145,0.1864374882375057,130,0.2211258587076946
heisenberg_step_10_4,180,114,0.2470225691,120,0.2446750531926463,120,0.2265337202840754,120,0.2280674899858329,100,0.3075869469133613,120,0.2265337202840754
heisenberg_step_20_4,360,240,0.0512886779,240,0.0600006872291258,240,0.0513463911750461,314,0.0218949532700241,200,0.0947161907778295,360,0.0128778949210529
heisenberg_step_30_4,540,360,0.0116415042,360,0.014713729172597,360,0.0116382315330129,524,0.0017588236810833,300,0.0291662467653061,540,0.001461804925404
heisenberg_step_35_4,630,420,0.0055113187,420,0.0072862828209208,420,0.005540838945178,618,0.0005658774763301,350,0.0161848510537193,420,0.005540838945178
heisenberg_step_45_4,810,540,0.001256246,540,0.0017867860695091,540,0.0012558928691069,804,5.9942340921571006e-05,450,0.0049838507631685,540,0.0012558928691069
heisenberg_step_50_4,900,600,0.0006002755,600,0.0008848218211853,600,0.0005979173124696,896,1.9735352466554315e-05,500,0.0027656243508094,600,0.0005979173124696
hlf_10,56,37,0.6477031318,54,0.5321542946335854,38,0.6415421445272392,43,0.6056161963195508,24,0.752398712728112,46,0.5850336613717568
hwb4_49,107,73,0.4270157081,104,0.2997348975251262,77,0.4084644969048478,99,0.3178728539754258,99,0.3154689351630775,88,0.3598266715692521
hwb5_53,598,448,0.0054484233,598,0.0009823752820938,459,0.004813167028525,598,0.0009719354609612,593,0.0010295919490867,551,0.0016669442021279
hwb6,116,94,0.3337135062,115,0.2630806941770562,100,0.3124681775613326,114,0.2659060419296897,111,0.2745654486060925,103,0.3018486016255924
hwb6_56,2952,2323,0.0,2952,1.431361425290622e-15,2326,1.7979804564174096e-12,2952,1.322256263621402e-15,2940,1.6243791033576633e-15,2952,1.322256263621402e-15
ising_model_13,120,114,0.2581708211,120,0.2392331026246937,120,0.2409205819454676,120,0.2409205819454676,120,0.2426881883041074,120,0.2409205819454676
ising_model_16,150,146,0.1768888006,150,0.16745298998702,150,0.1689188705113241,150,0.1689188705113241,150,0.1704454986546282,150,0.1689188705113241
majority_239,267,192,0.1068265206,267,0.0455270743969003,196,0.1020707076547746,267,0.0454375605021776,266,0.046054840778235,238,0.0629025655432961
miller_11,23,15,0.8395800925,23,0.7658432714118036,15,0.8398161800831451,20,0.7927870131811338,19,0.7936776955940268,20,0.7927870131811338
adr4_197,1498,1165,1.3004e-06,1498,2.985086619871354e-08,1134,1.8526402670547123e-06,1498,2.791089653959681e-08,1491,3.2195697485863696e-08,1498,2.791089653959681e-08
mod10_171,108,81,0.38896551,108,0.2860690878353684,77,0.408005383379956,96,0.3285015597622208,107,0.2893853045986596,85,0.3720673463690555
mod10_176,78,49,0.5651506466,78,0.4052622397352688,59,0.5032021551270157,69,0.449431919565734,77,0.4099601868050077,65,0.4695796200068612
mod5_4,28,15,0.8402885544,28,0.7229565399029606,25,0.7481810629968333,27,0.7311317224755078,28,0.7229565399029606,27,0.7311317224755078
mod_mult_55,48,41,0.6185201161,48,0.5715413623039949,44,0.5988444713052943,46,0.5851981712109009,48,0.5699366866958492,46,0.5850336613717568
mod_red_21,105,84,0.3746911325,105,0.295219064575303,91,0.3460374011226517,105,0.2947214657406017,104,0.2943069172756696,94,0.3342769380684359
muliply_5,20,19,0.7939008756,20,0.7890067856893355,20,0.7812806263236307,17,0.8172248704308174,14,0.8469282553146487,20,0.7812806263236307
multiply_10,163,86,0.3683210508,132,0.2137304224566241,92,0.3443880117964978,111,0.2766576769479539,104,0.2943896755626141,100,0.3140535367669682
one-two-three-v0_97,128,86,0.3667709772,128,0.2270470582853345,95,0.3311903813581579,123,0.2405157879960621,128,0.2270470582853345,110,0.2786086425212613
one-two-three-v1_99,59,41,0.6197386266,59,0.5051867666736266,44,0.5991813054580548,54,0.5351551092064439,58,0.5093217762279098,52,0.5464040608212158
one-two-three-v2_100,32,24,0.7557910202,32,0.6898008207313918,24,0.7562161325845637,24,0.7562161325845637,31,0.6977972423732783,28,0.7221439377603176
qcla_adder_10,233,194,0.1053356469,213,0.0839322790454618,180,0.1238503294833316,228,0.0712247850232907,205,0.092376333436253,210,1.0
qcla_com_7,186,134,0.2098606671,174,0.132011090686383,139,0.1984430850573321,186,0.1155100318020967,174,0.1311970603247189,152,0.1708299143825903
qgan_nativegates_ibm_tket_8,28,28,0.7100639364,28,0.7110628380925441,28,0.7064794953700971,28,0.7110628380925441,28,0.717489168892672,28,0.7064794953700971
qiskit-alu-v0_26,38,27,0.730104628,38,0.644253475469567,30,0.7052912163294454,31,0.6983860638510992,38,0.644253475469567,33,0.681321115799285
radd_250,1405,992,9.8205e-06,1405,8.760888215437564e-08,1073,3.786671099727672e-06,1405,8.24930989951563e-08,1402,8.97273344583858e-08,1348,1.5912320468198356e-07
rd32-v1_68,16,7,0.9209341423,12,0.8703406833517842,9,0.8994422406000144,8,0.9114050969347612,10,0.8896351789358871,7,0.92041643248343
rd32_270,36,18,0.8108180365,36,0.6590915579426955,27,0.7292839914636393,30,0.705687923956693,34,0.6708676244216185,29,0.7126652721159304
rd53_131,200,134,0.2103332299,198,0.1010431512944823,153,0.1677366076737654,195,0.1038946018158567,197,0.1018129335839873,170,0.1378902758509886
rd53_133,256,187,0.1133546722,252,0.0542565058146308,185,0.1161938496873437,248,0.0568164362383804,249,0.0560076557270202,224,0.0741253915111598
rd53_135,134,99,0.3160015634,134,0.2121148371561671,100,0.3126439326344723,128,0.2273025460300848,134,0.2121148371561671,107,0.288410594955939
rd53_138,60,36,0.6566869425,60,0.4991168286864376,40,0.6278048025021072,47,0.5797947253356618,56,0.5226661585884611,44,0.5995183290711044
rd53_251,564,415,0.0079811277,564,0.0014635123188293,399,0.0095839028931505,564,0.0014341837767694,560,0.001524827291584,564,0.0014309615475482
rd73_140,104,66,0.4634160452,104,0.299903490465528,71,0.4377111066540504,91,0.3483802827071295,98,0.3213769855049567,80,0.3945823800896609
rd73_252,2319,1754,1.4e-09,2319,2.230664591256824e-12,1799,8.101758927022773e-10,2319,2.021610300026014e-12,2310,2.4481845519837192e-12,2319,2.021610300026014e-12
z4_268,1343,1047,5.1415e-06,1343,1.7856354528083004e-07,1275,3.703423264325273e-07,1342,1.7128544206788474e-07,1340,1.8272716306765485e-07,1343,1.691322747144224e-07
sf_274,336,241,0.0602543736,336,0.0204268323906242,247,0.0560704796151728,336,0.020226807542614,336,0.0204268323906242,284,0.0366040562873797
pm1_249,771,573,0.0012651815,771,0.0001332321927663,583,0.0011252335344286,771,0.000128884519886,769,0.0001360327312722,717,0.000240159643197
sqrt8_260,1314,988,1.01374e-05,1314,2.4929255544925445e-07,995,9.351639582072145e-06,1314,2.3665726503121995e-07,1313,2.521824452922993e-07,1256,4.6178655168390614e-07
sym6_145,1701,1291,3.021e-07,1701,2.8577450283642867e-09,1266,4.0145844661855356e-07,1701,2.669770999883144e-09,1701,2.8577450283642867e-09,1637,5.579361394483007e-09
sym6_316,123,92,0.3426495225,123,0.2405834203669962,95,0.3310042002632354,112,0.2730263432475346,123,0.2404481746378163,105,0.2949701602301539
tof_5,42,36,0.6565023359,42,0.6138436391821805,36,0.6577956729531197,38,0.6428060093859738,40,0.6263942922086605,36,0.6577956729531197
wim_266,427,290,0.0341198836,427,0.0071403558404217,323,0.0232204680370058,427,0.0070585182322284,427,0.0071403558404217,361,0.0149851250235585
heisenberg_step_40_4,720,479,0.0026994539,480,0.0036081891085314,480,0.0026379348210521,712,0.0001820633424838,400,0.0089812517098591,480,0.0026379348210521
cm152a_212,532,404,0.0090497545,532,0.0021228381610073,413,0.0081833302582779,532,0.0020820522539478,531,0.0021408156482997,481,0.0037372591857227
rd53_130,448,338,0.0195228684,448,0.0055849090364207,338,0.019402483045735,448,0.0054729883935482,448,0.0055849090364207,396,0.0099434220326999
sf_276,336,243,0.0588151313,336,0.0204325763591044,251,0.0536345614756768,336,0.0203752092828829,336,0.0204325763591044,311,0.0268603835668428
ex2_227,275,212,0.0847621427,275,0.0414586236691538,204,0.0929232001281909,275,0.0413422232709726,275,0.0414586236691538,241,0.0606623319657735
ham15-low,236,199,0.0994369183,236,0.0651706531170866,196,0.1033412608577936,235,0.0659261349972745,225,0.0738135672292209,204,0.0942387288600676
heisenberg_step_5_4,90,60,0.4791780924,60,0.494090410219953,60,0.475821786698071,60,0.4938126536824949,50,0.5542934417923234,60,0.475821786698071
alu-v2_31,198,126,0.2302605809,198,0.1010147462286708,144,0.187119840591445,191,0.1094716001846754,197,0.1022144802020341,170,0.1386678382110068
gf2^6_mult,221,206,0.0924804456,221,0.0778195809966742,206,0.0925064508917873,221,0.0778195809966742,221,0.0778195809966742,221,0.0778195809966742
barenco_tof_10,192,148,0.1793432512,192,0.1083388809146584,149,0.1778372172849082,192,0.1083388809146584,192,0.1083388809146584,164,0.1496027314993953
mod8-10_178,152,103,0.3006627982,152,0.1719381872340926,111,0.2747971348659249,151,0.1738824618816671,152,0.1715518878907876,127,0.2285196379016807
decod24-enable_126,149,107,0.2875199954,149,0.1781374722794506,111,0.2749517009753888,145,0.1865423543862345,149,0.1780373309966642,130,0.2208773135508809
gf2^5_mult,154,147,0.1826506013,154,0.1686353535633727,144,0.1892361257789558,154,0.1686353535633727,154,0.1686353535633727,154,0.1686353535633727
rd53_311,124,87,0.3625679578,124,0.237625934155098,95,0.3302605219259805,121,0.2455714259133911,123,0.2395709287054236,103,0.3011704281583641
mini-alu_167,126,88,0.3583123465,126,0.2322109809192054,95,0.3311903813581579,122,0.2431671592771471,126,0.2322109809192054,108,0.2851055478975539
4gt12-v0_86,116,75,0.4182246332,114,0.2674054843539647,87,0.3637932889423401,108,0.2865520782561484,110,0.2800222097511723,95,0.3317495532101775
4gt4-v0_78,109,80,0.39413887,107,0.289873894019814,79,0.399156522347582,98,0.3215577515465858,104,0.300072178234993,89,0.3557032305334602
4_49_16,99,65,0.4687881323,97,0.3250111120203217,79,0.399156522347582,92,0.3441944115571083,96,0.3283168902080221,84,0.376804013364423
rc_adder_6,93,75,0.4158794915,81,0.3880916080648987,86,0.3680105128734267,87,0.3637932889423401,81,0.385806945629272,81,0.3898413798577032
4gt12-v0_88,86,63,0.4798547498,86,0.3692542376248531,63,0.4805297984730127,80,0.3956933398427604,85,0.373534766856423,70,0.4432834627681434
4gt4-v0_80,79,55,0.5262039872,79,0.4003929184742635,58,0.5090354572666612,73,0.4289409752946452,79,0.4003929184742635,68,0.4536204382704744
one-two-three-v0_98,65,47,0.5780043441,65,0.4709017369715996,47,0.5788174673794114,54,0.5345535956100032,62,0.4874689058341035,48,0.5721844968805416
