benchmark,total_size,total_2q,original_size,original_2q
0410184_169.qasm,201,80,363,104
3_17_13.qasm,33,11,60,17
4_49_16.qasm,160,66,329,99
4gt10-v1_81.qasm,113,45,228,66
4gt11_83.qasm,22,13,31,14
4gt11_84.qasm,17,8,26,9
4gt12-v0_86.qasm,173,80,371,116
4gt12-v0_87.qasm,165,75,367,112
4gt12-v0_88.qasm,140,61,290,86
4gt12-v1_89.qasm,168,72,356,100
4gt13-v1_93.qasm,60,22,116,30
4gt13_90.qasm,73,36,155,53
4gt13_91.qasm,69,32,151,49
4gt13_92.qasm,50,22,98,30
4gt4-v0_72.qasm,166,72,394,113
4gt4-v0_73.qasm,273,129,587,179
4gt4-v0_78.qasm,161,75,347,109
4gt4-v0_79.qasm,161,72,343,105
4gt4-v0_80.qasm,132,56,275,79
4gt4-v1_74.qasm,203,85,417,119
4gt5_76.qasm,64,33,131,46
4gt5_77.qasm,99,40,203,58
4mod5-bdd_287.qasm,66,23,126,31
4mod5-v0_18.qasm,43,15,117,31
4mod5-v0_19.qasm,30,12,59,16
4mod5-v0_20.qasm,21,7,36,10
4mod5-v1_22.qasm,22,8,37,11
4mod5-v1_23.qasm,42,18,109,32
4mod5-v1_24.qasm,38,12,68,16
4mod7-v0_94.qasm,104,44,242,72
4mod7-v1_96.qasm,122,47,260,72
9symml_195.qasm,52809,15232,52809,15232
C17_204.qasm,319,139,707,205
TFIM_step_100_16.qasm,2776,240,6240,240
TFIM_step_100_32.qasm,11423,992,25775,992
TFIM_step_100_4.qasm,142,12,312,12
TFIM_step_100_8.qasm,652,56,1456,56
TFIM_step_10_4.qasm,142,12,312,12
TFIM_step_20_4.qasm,142,12,312,12
TFIM_step_30_4.qasm,142,12,312,12
TFIM_step_40_4.qasm,142,12,312,12
TFIM_step_50_4.qasm,142,12,312,12
TFIM_step_60_4.qasm,142,12,312,12
TFIM_step_70_4.qasm,142,12,312,12
TFIM_step_80_4.qasm,142,12,312,12
TFIM_step_90_4.qasm,142,12,312,12
XY_step_100_4.qasm,138,12,288,12
XY_step_100_8.qasm,644,56,1344,56
adder_4.qasm,104,21,266,24
adder_8.qasm,684,310,900,409
adder_9.qasm,111,49,226,98
adr4_197.qasm,2264,1013,5271,1498
ae_nativegates_ibm_tket_8.qasm,773,56,2310,56
aj-e11_165.qasm,117,49,231,69
alu-bdd_288.qasm,64,28,132,38
alu-v0_26.qasm,67,28,132,38
alu-v0_27.qasm,38,15,60,17
alu-v1_28.qasm,38,15,61,18
alu-v1_29.qasm,42,15,69,17
alu-v2_30.qasm,373,162,768,223
alu-v2_31.qasm,319,138,683,198
alu-v2_32.qasm,125,52,251,72
alu-v2_33.qasm,43,15,69,17
alu-v3_34.qasm,50,20,84,24
alu-v3_35.qasm,39,16,61,18
alu-v4_36.qasm,84,34,179,51
alu-v4_37.qasm,39,16,61,18
barenco_tof_10.qasm,337,147,450,192
barenco_tof_3.qasm,48,20,58,24
barenco_tof_4.qasm,89,38,114,48
barenco_tof_5.qasm,131,56,170,72
clip_206.qasm,51227,14772,51227,14772
cm152a_212.qasm,789,346,1869,532
cm42a_207.qasm,1188,502,2776,771
cm82a_208.qasm,452,195,1026,283
cm85a_209.qasm,17250,4986,17270,4986
cnt3-5_179.qasm,150,65,255,85
cnt3-5_180.qasm,356,150,725,215
co14_215.qasm,18045,7560,27024,7840
con1_216.qasm,630,273,1490,415
csla_mux_3.qasm,144,66,170,80
csum_mux_9.qasm,345,149,420,168
cycle10_2_110.qasm,4473,2000,9074,2648
dc1_220.qasm,1290,562,2946,833
dc2_222.qasm,8959,4131,14350,4131
decod24-bdd_294.qasm,74,22,145,32
decod24-enable_126.qasm,242,104,506,149
decod24-v0_38.qasm,40,14,83,23
decod24-v1_41.qasm,74,29,141,38
decod24-v2_43.qasm,52,15,100,22
decod24-v3_45.qasm,130,45,262,64
dist_223.qasm,57486,16624,57486,16624
ex-1_166.qasm,22,8,35,9
ex1_226.qasm,15,5,23,5
ex2_227.qasm,427,186,983,275
ex3_229.qasm,281,118,627,175
f2_232.qasm,835,362,1854,525
gf2^10_mult.qasm,1069,569,1347,609
gf2^4_mult.qasm,180,91,225,99
gf2^5_mult.qasm,274,141,347,154
gf2^6_mult.qasm,389,203,495,221
gf2^7_mult.qasm,534,278,669,300
gf2^8_mult.qasm,685,369,883,405
gf2^9_mult.qasm,854,452,1095,494
graycode6_47.qasm,5,5,5,5
grover_pigeon3.qasm,8399,92,25714,92
ham15-high.qasm,3000,1497,7498,2149
ham15-low.qasm,334,194,713,236
ham15-med.qasm,660,320,1907,534
ham15_107.qasm,7469,3347,13123,3858
ham3_102.qasm,16,7,28,11
ham7_104.qasm,232,106,472,149
heisenberg_step_10_4.qasm,642,100,1442,180
heisenberg_step_15_4.qasm,962,150,2162,270
heisenberg_step_20_4.qasm,1282,200,2882,360
heisenberg_step_25_4.qasm,1602,250,3602,450
heisenberg_step_30_4.qasm,1922,300,4322,540
heisenberg_step_35_4.qasm,2242,350,5042,630
heisenberg_step_40_4.qasm,2562,400,5762,720
heisenberg_step_45_4.qasm,2882,450,6482,810
heisenberg_step_50_4.qasm,3202,500,7202,900
heisenberg_step_50_8.qasm,7604,1300,16804,2100
heisenberg_step_5_4.qasm,322,50,722,90
hlf_10.qasm,57,33,160,56
hlf_5.qasm,53,14,93,14
hwb4_49.qasm,165,74,345,107
hwb5_53.qasm,960,419,1992,598
hwb6.qasm,225,95,491,116
hwb6_56.qasm,5338,2366,10075,2952
hwb7_59.qasm,30469,10681,36555,10681
hwb8_113.qasm,104068,30372,104068,30372
hwb9_119.qasm,311615,90955,311615,90955
inc_237.qasm,10017,4584,16115,4636
ising_model_10.qasm,288,72,900,90
ising_model_13.qasm,378,96,1182,120
ising_model_16.qasm,468,120,1464,150
life_238.qasm,33960,9800,34005,9800
majority_239.qasm,499,217,940,267
max46_240.qasm,28680,11844,41094,11844
miller_11.qasm,42,17,74,23
mini-alu_167.qasm,210,86,432,126
mini_alu_305.qasm,148,53,301,77
misex1_241.qasm,3108,1381,7317,2100
mlp4_245.qasm,20247,8232,28548,8232
mod10_171.qasm,179,73,372,108
mod10_176.qasm,127,54,274,78
mod5_4.qasm,42,20,63,28
mod5adder_127.qasm,432,170,907,239
mod5d1_63.qasm,20,11,30,13
mod5d2_64.qasm,43,18,85,25
mod5mils_65.qasm,29,12,59,16
mod8-10_177.qasm,309,134,664,196
mod8-10_178.qasm,256,110,518,152
mod_mult_55.qasm,107,45,119,48
mod_red_21.qasm,227,92,278,105
muliply_5.qasm,104,17,281,20
multiply_10.qasm,175,87,350,163
one-two-three-v0_97.qasm,201,83,434,128
one-two-three-v0_98.qasm,103,41,218,65
one-two-three-v1_99.qasm,99,42,204,59
one-two-three-v2_100.qasm,64,25,109,32
one-two-three-v3_101.qasm,69,24,118,32
plus63mod4096_163.qasm,193120,56329,193120,56329
plus63mod8192_164.qasm,280672,81865,280672,81865
pm1_249.qasm,1181,498,2776,771
portfolioqaoa_nativegates_ibm_tket_8.qasm,2171,168,6400,168
portfoliovqe_nativegates_ibm_tket_8.qasm,760,84,2532,84
qaoa_10.qasm,150,52,285,85
qaoa_5.qasm,108,29,282,42
qaoa_n10_p4.qasm,345,115,910,120
qaoa_n14_p4.qasm,479,157,1274,168
qaoa_n20_p4.qasm,691,231,1820,240
qaoa_n30_p4.qasm,1035,345,2730,360
qaoa_n4_p4.qasm,124,34,364,48
qaoa_n6_p4.qasm,201,63,546,72
qaoa_n8_p4.qasm,271,87,728,96
qaoa_nativegates_ibm_tket_8.qasm,436,32,1364,32
qcla_adder_10.qasm,418,185,521,233
qcla_com_7.qasm,318,131,443,186
qcla_mod_7.qasm,684,301,884,382
qe_qft_4.qasm,165,27,423,27
qe_qft_5.qasm,257,34,659,38
qft_10_quest.qasm,181,107,401,216
qft_20.qasm,628,380,5610,380
qft_5.qasm,61,25,348,33
qft_nativegates_ibm_tket_8.qasm,879,68,2574,68
qftentangled_nativegates_ibm_tket_8.qasm,951,75,2853,75
qgan_nativegates_ibm_tket_8.qasm,280,28,928,28
qiskit-3_17_13.qasm,33,11,60,17
qiskit-alu-v0_26.qasm,70,29,132,38
qpeexact_nativegates_ibm_tket_8.qasm,833,64,2471,64
qpeinexact_nativegates_ibm_tket_8.qasm,851,65,2531,65
radd_250.qasm,2102,954,4877,1405
rc_adder_6.qasm,180,80,200,93
rd32-v0_66.qasm,18,7,50,16
rd32-v1_68.qasm,30,9,68,16
rd32_270.qasm,66,25,148,36
rd53_130.qasm,772,311,1707,448
rd53_131.qasm,364,138,829,200
rd53_133.qasm,561,241,868,256
rd53_135.qasm,194,90,440,134
rd53_138.qasm,97,43,196,60
rd53_251.qasm,952,425,1987,564
rd53_311.qasm,232,90,459,124
rd73_140.qasm,170,76,342,104
rd73_252.qasm,3661,1623,8153,2319
rd84_142.qasm,265,116,511,154
rd84_253.qasm,13359,5960,20778,5960
root_255.qasm,17452,7319,26007,7493
sao2_257.qasm,58105,16864,58105,16864
sf_274.qasm,566,232,1269,336
sf_276.qasm,574,241,1242,336
shor_15_7.qasm,35698,14060,36598,14858
sqn_258.qasm,9606,4421,15567,4459
sqrt8_260.qasm,1943,854,4601,1314
squar5_261.qasm,1274,561,3049,869
square_root_7.qasm,4865,1941,13330,3089
sym10_262.qasm,97107,28084,97107,28084
sym6_145.qasm,3432,1575,5832,1701
sym6_316.qasm,215,91,422,123
sym9_146.qasm,254,113,488,148
sym9_148.qasm,32256,9408,32256,9408
sym9_193.qasm,52809,15232,52809,15232
sys6-v0_111.qasm,164,71,319,98
tof_10.qasm,215,86,255,102
tof_3.qasm,40,16,45,18
tof_4.qasm,65,26,75,30
tof_5.qasm,90,36,105,42
urf1_149.qasm,277296,80878,277296,80878
urf1_278.qasm,82493,26691,82494,26692
urf2_152.qasm,120720,35210,120720,35210
urf2_277.qasm,21112,10042,30016,10066
urf3_155.qasm,635232,185276,635232,185276
urf3_279.qasm,189986,60380,189986,60380
urf4_187.qasm,768096,224028,768096,224028
urf5_158.qasm,246624,71932,246624,71932
urf5_280.qasm,54285,23764,75309,23764
urf6_160.qasm,257760,75180,257760,75180
vbe_adder_3.qasm,89,40,150,70
vqe_4.qasm,389,66,850,74
vqe_nativegates_ibm_tket_8.qasm,204,14,703,14
vqe_uccsd_n4.qasm,298,70,892,88
vqe_uccsd_n6.qasm,3041,923,8762,1052
vqe_uccsd_n8.qasm,14556,5394,39032,5488
wim_266.qasm,699,296,1554,427
xor5_254.qasm,15,5,23,5
z4_268.qasm,2033,911,4689,1343
