time_s,total_2q
0.0,43079
1.1,43071
1.1,43070
1.4,43068
1.9,43060
2.1,43058
2.3,43057
2.6,43050
2.6,43047
2.7,43043
2.8,43033
2.9,43032
3.1,43024
3.2,43016
3.6,43012
3.6,43010
3.7,42999
3.7,42998
4.0,42983
4.0,42981
4.2,42801
4.3,42797
4.3,42795
4.4,42779
4.4,42771
4.4,42770
4.4,42769
4.5,42767
4.6,42751
4.7,42749
5.0,42712
5.0,42706
5.0,42704
5.1,42698
5.1,42692
5.1,42688
5.2,42685
5.2,42684
5.3,42681
5.3,42678
5.4,42668
5.4,42666
5.4,42665
5.5,42657
5.6,42654
5.6,42653
5.6,42652
5.7,42635
5.8,42629
5.8,42627
5.9,42619
5.9,42616
6.0,42615
6.0,42614
6.2,42611
6.4,42610
6.7,42600
6.7,42596
6.7,42594
6.7,42593
6.8,42591
6.8,42590
6.9,42585
7.1,42582
7.1,42580
7.2,42574
7.2,42573
7.2,42572
7.2,42571
7.4,42570
7.5,42567
7.5,42565
7.5,42564
7.6,42513
7.6,42509
7.6,42506
7.7,42499
7.7,42496
7.8,42482
7.8,42479
7.8,42478
7.8,42477
7.9,42476
8.0,42184
8.1,42182
8.1,42181
8.1,42180
8.1,42179
8.2,42155
8.2,42147
8.2,42146
8.2,42145
8.3,42143
8.4,42115
8.5,42106
8.5,42098
8.5,42091
8.5,42089
8.5,42088
8.5,42087
8.6,42085
8.6,42084
8.6,42083
8.7,42071
8.8,42063
8.8,42062
8.9,41966
9.3,41965
9.4,41963
9.5,41959
9.5,41958
9.6,41955
9.6,41954
9.7,41949
9.8,41948
9.9,41931
10.0,41929
10.2,41923
10.2,41918
10.2,41915
10.2,41912
10.3,41910
10.5,41907
10.5,41906
10.6,41905
10.8,41897
10.8,41894
10.8,41891
10.8,41890
10.9,41886
10.9,41885
11.3,41877
11.5,41875
11.6,41869
11.8,41866
12.0,41858
12.0,41855
12.2,41849
12.2,41844
12.3,41840
12.4,41835
12.5,41830
12.6,41800
12.6,41795
12.6,41793
12.7,41786
12.7,41785
12.9,41781
12.9,41779
13.0,41749
13.0,41744
13.0,41743
13.1,41738
13.3,41736
13.4,41729
13.4,41728
13.6,41727
13.8,41716
14.0,41715
14.1,41563
14.1,41562
14.2,41538
14.3,41535
14.3,41534
14.4,41533
14.5,41530
14.6,41527
14.6,41525
14.7,41524
14.8,41523
14.9,41520
14.9,41517
15.1,41512
15.1,41508
15.1,41507
15.2,41503
15.2,41500
15.2,41499
15.4,41497
15.5,41493
15.5,41492
15.5,41491
15.8,41489
15.8,41488
15.8,41487
15.9,41480
16.1,41477
16.2,41475
16.4,41474
16.5,41473
16.6,41443
16.6,41442
16.7,41438
16.8,41168
16.8,41167
16.9,41162
17.0,41161
17.1,41152
17.1,41147
17.1,41145
17.2,41131
17.2,41123
17.4,41120
17.5,41119
17.6,41111
17.7,41105
17.8,41104
18.0,41100
18.0,41098
18.1,41067
18.1,41066
18.2,41065
18.3,41055
18.5,41047
18.7,41043
18.8,41041
18.9,41033
18.9,41029
19.2,41010
19.3,41007
19.5,41002
19.5,40999
19.7,40995
19.7,40993
19.8,40985
20.4,40984
20.5,40977
20.5,40976
20.6,40972
20.6,40970
20.9,40969
20.9,40968
21.0,40964
21.4,40960
21.4,40957
21.6,40956
21.6,40955
21.9,40954
22.0,40939
22.1,40935
22.1,40934
22.4,40933
22.5,40932
22.8,40930
22.9,40925
23.4,40917
23.8,40909
23.8,40902
23.9,40897
23.9,40896
24.0,40882
24.3,40877
24.4,40846
24.4,40843
24.6,40828
24.6,40821
24.6,40819
24.7,40817
24.9,40815
25.0,40814
25.1,40808
25.3,40807
25.6,40795
25.7,40787
25.8,40785
25.8,40784
26.2,40776
26.3,40763
26.3,40751
26.3,40749
26.4,40746
26.7,40739
27.1,40732
27.1,40729
28.5,40723
28.9,40720
29.1,40711
29.5,40708
29.6,40698
29.6,40697
30.3,40685
30.5,40681
30.6,40680
31.1,40678
31.2,40672
31.2,40669
31.5,40657
31.8,40653
32.1,40651
32.4,40647
32.5,40645
32.6,40627
32.6,40625
32.8,40613
33.0,40609
33.0,40605
33.0,40603
33.1,40591
33.2,40580
33.8,40575
34.1,40574
34.2,40569
34.2,40567
34.5,40564
34.5,40563
35.0,40562
36.0,40559
36.3,40553
36.4,40451
36.5,40438
37.2,40435
37.7,40428
37.9,40418
38.0,40408
38.0,40401
38.4,40393
39.0,40374
39.1,40372
40.0,40361
40.1,40359
40.1,40358
40.3,40352
40.3,40351
40.6,40334
40.6,40327
40.7,40317
41.0,40316
41.1,40305
41.8,40276
41.8,40273
42.2,40267
42.2,40266
43.1,40264
43.3,40254
43.3,40253
43.5,40250
43.7,40246
45.0,40244
45.0,40243
45.6,40237
45.6,40236
45.8,40230
46.6,40218
46.7,40212
47.5,40211
47.8,40208
47.8,40207
47.9,40206
48.7,40205
48.9,40201
49.3,40197
50.0,40193
50.1,40188
50.9,40185
51.1,40182
51.7,40178
52.4,40177
52.5,40173
53.2,40172
54.8,40167
55.0,40166
55.1,40153
55.6,40149
56.1,40148
56.4,40145
56.7,40137
57.1,40133
57.4,40132
58.5,40121
59.1,40120
59.4,40111
60.2,40104
61.3,40100
61.5,40099
61.9,40093
62.1,40090
62.2,40075
62.5,40053
62.9,40051
63.2,40039
63.5,40025
64.0,40015
64.1,40006
64.1,40005
64.5,40004
64.6,40003
64.9,40002
65.1,39996
65.2,39993
66.6,39990
68.1,39932
68.3,39931
68.8,39930
69.0,39926
69.3,39920
70.5,39919
71.3,39912
71.9,39911
72.8,39909
73.9,39906
74.7,39893
75.1,39883
76.1,39875
78.5,39874
78.7,39871
79.3,39860
79.6,39858
79.8,39849
79.9,39846
80.8,39845
81.7,39811
82.3,39804
82.5,39803
83.3,39797
83.5,39777
84.5,39775
85.2,39774
86.4,39765
89.4,39757
89.4,39753
89.7,39736
90.2,39726
90.9,39663
91.7,39659
92.0,39657
92.9,39648
94.1,39647
95.4,39646
96.2,39644
98.2,39494
99.3,39476
100.4,39473
100.5,39466
101.0,39396
101.2,39394
102.1,39391
103.8,39387
104.8,39386
105.9,39385
107.7,39382
108.2,39381
108.5,39380
109.6,39360
110.0,39359
110.7,39323
111.0,39322
112.5,39316
113.2,39308
114.8,39307
115.8,39306
117.5,39302
117.5,39300
118.8,39299
119.2,39297
123.2,39251
124.5,39250
125.1,39248
125.4,39247
126.1,39243
126.5,39242
126.8,39206
131.4,39205
131.9,39168
132.6,39133
134.6,39132
135.4,39130
136.5,39129
137.6,39128
137.7,39126
138.8,39124
140.2,39123
141.7,39122
142.5,39106
143.0,39105
143.1,39102
143.2,39101
143.8,39098
144.0,39063
144.2,39062
145.6,39061
146.9,39060
147.8,39056
149.1,39055
149.3,39054
149.8,39050
151.3,39049
152.3,39048
152.4,39047
153.7,39046
153.8,39044
155.8,39042
158.5,39028
160.1,39013
160.6,38993
161.3,38992
166.0,38983
166.0,38978
166.0,38977
166.3,38964
166.9,38962
167.9,38961
168.0,38959
169.3,38953
169.5,38952
169.6,38948
169.7,38942
170.0,38938
170.2,38937
171.1,38935
172.6,38934
172.9,38933
173.1,38931
173.9,38926
174.2,38911
174.2,38910
175.6,38908
175.9,38902
176.0,38901
176.1,38900
176.4,38899
177.9,38897
179.1,38871
180.3,38870
180.9,38869
181.3,38867
181.9,38865
183.3,38863
183.5,38856
183.8,38852
184.8,38844
186.3,38841
186.6,38839
187.9,38838
188.2,38837
188.6,38836
188.8,38835
190.0,38832
190.1,38830
191.7,38828
193.5,38826
194.6,38812
194.7,38806
195.2,38805
195.6,38802
195.7,38801
196.4,38800
196.9,38799
197.8,38796
199.4,38795
201.5,38793
201.6,38791
202.3,38790
202.3,38789
202.5,38785
202.7,38780
202.8,38767
204.7,38765
204.7,38764
206.5,38761
206.6,38735
208.8,38733
210.6,38732
211.1,38728
211.2,38726
211.6,38721
213.2,38720
213.7,38718
214.2,38700
214.2,38696
214.7,38695
216.3,38693
217.2,38688
218.2,38685
218.8,38682
218.9,38678
218.9,38676
219.3,38675
220.1,38674
221.4,38673
221.6,38668
222.3,38667
223.3,38556
223.3,38551
223.3,38548
226.2,38547
226.4,38546
228.2,38541
228.9,38540
229.6,38411
230.8,38403
231.5,38402
231.8,38400
234.0,38397
234.8,38394
235.1,38392
235.2,38390
235.8,38389
236.7,38374
236.7,38369
237.2,38367
238.0,38363
239.2,38357
239.9,38338
240.3,38337
240.6,38334
243.4,38329
243.5,38304
243.8,38302
244.3,38287
246.2,38283
246.3,38280
247.0,38279
249.0,38278
249.4,38276
250.7,38272
251.5,38269
251.7,38264
253.5,38259
253.9,38258
254.0,38256
254.3,38255
255.6,38254
255.6,38253
256.1,38246
256.2,38245
257.3,38243
257.7,38242
258.6,38240
258.6,38238
259.0,38237
259.1,38228
259.5,38226
260.3,38217
263.6,38212
263.8,38209
264.2,38203
264.3,38202
265.9,38199
266.3,38193
266.8,38190
268.0,38187
269.2,38186
269.4,38175
269.5,38172
269.8,38148
270.0,38147
270.3,38141
271.3,38131
271.3,38127
272.5,38104
273.0,38102
273.2,38090
273.3,38085
273.4,38083
274.3,38082
276.5,38080
277.7,38036
279.9,38035
281.7,38033
282.3,38003
282.8,37999
284.3,37998
284.6,37995
288.2,37993
288.4,37974
289.1,37973
289.1,37972
290.7,37967
291.5,37956
292.8,37955
293.0,37954
293.3,37951
293.4,37947
293.5,37944
293.8,37943
294.2,37922
294.2,37921
295.2,37920
296.7,37918
296.8,37916
299.4,37915
299.4,37914
300.3,37912
300.7,37911
302.3,37910
302.6,37888
303.3,37844
303.7,37842
303.9,37841
304.3,37839
304.4,37837
305.0,37836
305.3,37834
305.3,37832
305.8,37791
306.3,37790
306.8,37789
306.9,37788
307.1,37786
308.2,37781
308.3,37770
309.4,37769
309.6,37768
309.9,37756
310.9,37751
312.8,37750
314.6,37748
314.9,37743
316.0,37741
316.7,37735
317.0,37731
317.7,37715
318.2,37703
318.7,37702
319.0,37701
320.2,37692
320.3,37690
321.5,37687
321.7,37686
323.2,37685
323.5,37684
323.5,37683
323.9,37682
324.0,37681
327.5,37680
327.9,37678
328.3,37672
329.0,37671
329.6,37669
332.3,37668
332.6,37666
332.8,37654
334.4,37653
335.2,37651
336.1,37650
338.1,37642
338.6,37639
339.1,37637
340.7,37635
340.8,37634
340.9,37633
341.4,37632
343.1,37613
343.1,37611
344.6,37609
345.1,37588
347.0,37510
347.0,37505
347.4,37503
347.8,37490
348.8,37478
348.9,37460
349.4,37459
350.0,37458
350.5,37457
351.2,37455
351.7,37452
351.8,37451
353.1,37450
353.7,37446
354.3,37445
354.4,37444
354.5,37442
355.2,37441
356.3,37440
356.6,37439
358.9,37438
359.2,37437
359.6,37436
360.7,37433
361.2,37432
363.0,37431
363.4,37430
363.6,37429
363.9,37427
364.5,37425
365.0,37423
365.5,37413
366.0,37412
366.2,37411
366.5,37410
367.3,37409
367.3,37408
367.7,37397
368.2,37396
368.3,37395
369.5,37392
370.7,37390
371.8,37387
372.0,37386
372.3,37385
372.4,37384
372.6,37377
372.7,37369
373.2,37349
373.3,37347
374.3,37341
375.1,37338
376.5,37335
376.7,37333
377.0,37332
377.4,37331
377.5,37329
377.6,37283
377.6,37281
377.8,37279
378.0,37277
378.7,37246
378.8,37244
378.9,37243
379.4,37240
379.6,37233
380.8,37232
381.5,37230
381.9,37227
382.0,37226
382.8,37225
383.6,37224
383.7,37223
384.7,37221
384.7,37220
385.7,37217
386.7,37216
388.3,37215
388.6,37213
389.6,37212
390.1,37210
390.5,37209
390.7,37196
391.6,37131
393.3,37130
394.0,37125
394.6,37124
396.1,37123
396.2,37102
396.2,37092
397.5,37091
398.0,37005
398.5,37004
400.7,37002
400.7,37001
400.7,37000
400.8,36998
401.0,36978
401.1,36977
403.3,36976
403.4,36975
404.0,36974
404.9,36973
406.5,36937
406.5,36935
408.1,36933
409.5,36932
409.7,36928
410.4,36927
410.5,36921
411.1,36919
411.8,36917
412.3,36914
413.2,36911
413.7,36910
414.3,36909
415.1,36908
417.5,36907
419.3,36906
419.5,36891
421.7,36887
422.7,36882
422.7,36879
423.2,36863
423.4,36862
423.7,36860
423.8,36858
423.9,36856
424.3,36855
424.6,36853
425.3,36852
425.7,36845
427.5,36840
428.2,36835
428.7,36834
429.1,36831
429.5,36821
429.8,36814
433.0,36808
433.1,36805
433.5,36804
433.6,36780
435.3,36766
435.4,36765
435.5,36764
435.6,36763
436.7,36758
436.7,36757
437.1,36755
438.0,36751
438.3,36750
439.2,36749
439.3,36747
441.0,36740
443.0,36739
443.6,36736
443.8,36735
444.8,36709
445.1,36705
445.8,36703
445.8,36702
445.9,36698
447.6,36697
448.4,36676
451.4,36675
451.7,36668
452.0,36667
452.7,36661
452.9,36654
453.0,36650
454.0,36646
454.5,36632
454.9,36630
455.2,36629
455.4,36628
455.8,36627
456.5,36624
457.8,36622
458.2,36617
460.4,36616
461.5,36615
461.6,36613
461.7,36612
462.2,36611
462.5,36609
463.1,36607
463.8,36603
467.0,36602
467.3,36591
467.5,36589
468.0,36579
468.3,36578
468.7,36566
468.9,36563
469.4,36562
469.9,36549
470.1,36547
470.4,36546
471.5,36542
471.9,36540
472.0,36534
473.3,36532
473.4,36530
473.5,36527
473.9,36525
474.2,36511
474.6,36510
475.8,36496
476.5,36490
477.1,36489
477.7,36488
478.4,36487
482.8,36486
486.3,36484
487.3,36482
487.6,36481
487.9,36480
488.8,36479
489.0,36475
489.3,36474
489.6,36471
489.6,36469
490.3,36467
490.7,36466
491.4,36465
491.5,36463
491.7,36462
491.9,36446
492.5,36445
494.3,36444
494.4,36433
495.6,36428
495.9,36419
496.0,36418
496.6,36416
497.4,36413
498.0,36409
498.1,36406
498.2,36402
498.5,36401
498.9,36384
499.8,36383
499.8,36382
499.8,36381
499.9,36369
501.8,36368
502.9,36367
503.0,36365
503.4,36358
504.0,36357
504.1,36356
504.8,36353
505.2,36350
505.5,36349
507.4,36345
507.5,36344
508.8,36330
509.3,36327
510.0,36326
510.4,36325
511.5,36323
511.8,36318
511.8,36317
512.9,36316
513.1,36313
513.4,36312
514.0,36311
514.3,36310
514.7,36305
515.2,36304
515.8,36303
516.3,36301
517.9,36272
518.0,36268
518.2,36267
518.3,36265
519.5,36254
522.4,36253
523.2,36252
524.8,36251
525.0,36250
525.4,36233
525.8,36228
526.1,36221
526.1,36219
526.2,36216
527.2,36214
527.4,36213
527.8,36212
531.0,36211
532.3,36210
533.9,36200
534.5,36196
537.8,36192
538.3,36191
538.4,36189
538.9,36188
540.0,36181
540.1,36180
541.1,36154
541.9,36152
543.2,36151
543.3,36150
543.6,36148
543.8,36143
544.4,36140
545.1,36139
545.7,36137
546.3,36136
546.7,36121
547.3,36120
548.1,36118
548.5,36117
550.9,36116
553.0,36115
553.2,36111
553.9,36108
555.6,36107
555.9,36106
556.6,36105
559.6,36103
559.7,36102
560.2,36101
560.3,36097
560.4,36087
561.0,36086
561.2,36084
561.7,36081
561.8,36076
562.1,36071
562.4,36062
562.5,36061
564.7,36060
564.7,36059
565.2,36051
565.8,36047
566.8,36046
567.4,36045
568.2,36040
569.0,36037
569.1,36036
570.0,36035
570.3,36034
573.0,36032
573.6,36025
575.3,36013
577.6,36012
578.0,36011
580.2,36010
580.3,36006
580.4,35998
581.3,35997
581.3,35996
582.0,35995
582.4,35994
582.7,35992
583.8,35991
583.8,35990
585.0,35983
585.1,35982
585.5,35981
586.4,35980
586.9,35964
587.7,35959
589.5,35958
589.7,35913
589.9,35910
590.1,35909
590.6,35903
590.9,35902
591.3,35901
591.4,35900
591.6,35898
592.0,35894
592.3,35893
592.7,35891
593.2,35889
594.0,35835
596.0,35834
596.6,35832
597.9,35831
598.3,35830
600.2,35823
601.5,35820
602.4,35819
603.5,35808
603.7,35807
604.5,35806
604.8,35805
604.8,35804
605.5,35756
606.9,35755
609.6,35754
610.3,35752
612.8,35743
613.1,35721
613.9,35720
614.2,35713
614.8,35707
615.4,35703
615.7,35701
616.0,35698
616.3,35697
617.3,35696
618.5,35694
619.8,35693
620.1,35692
622.3,35689
622.3,35687
623.7,35683
625.3,35681
626.2,35678
628.7,35676
629.1,35672
629.5,35671
630.4,35667
631.0,35666
631.6,35664
632.3,35662
632.5,35661
634.0,35655
634.8,35654
636.0,35653
636.8,35638
637.4,35637
637.9,35635
639.4,35634
639.6,35632
640.3,35624
642.1,35621
642.2,35620
642.4,35611
642.6,35605
642.7,35604
645.6,35602
645.9,35600
646.0,35599
647.0,35597
648.7,35548
649.4,35544
650.1,35542
650.5,35541
653.0,35536
654.0,35535
654.4,35534
654.4,35533
654.9,35532
655.4,35520
655.4,35513
656.1,35510
658.5,35509
659.0,35508
661.8,35506
666.9,35505
667.4,35504
668.0,35499
669.5,35498
670.5,35497
672.5,35496
672.6,35494
673.5,35493
674.7,35491
674.9,35489
675.5,35488
676.2,35487
676.4,35482
676.4,35479
676.7,35470
677.1,35469
677.3,35468
677.8,35467
677.9,35466
678.8,35465
678.9,35460
679.4,35458
681.2,35457
681.9,35414
682.0,35411
682.0,35410
683.7,35396
684.0,35394
684.1,35392
684.7,35391
684.8,35389
685.8,35388
685.9,35386
686.5,35374
687.2,35364
687.2,35363
689.6,35354
692.3,35344
692.9,35343
693.5,35342
694.2,35341
694.5,35340
696.1,35339
698.4,35338
699.3,35336
699.6,35332
700.4,35331
701.1,35328
702.0,35327
704.8,35326
705.0,35325
705.5,35308
705.6,35307
706.1,35304
706.5,35288
708.3,35286
708.8,35284
710.2,35265
710.2,35264
710.7,35263
711.3,35258
712.7,35257
713.1,35255
713.3,35254
715.0,35243
715.2,35241
715.4,35240
717.5,35239
718.3,35237
718.3,35236
718.4,35235
719.7,35221
720.5,35220
722.1,35219
724.7,35218
725.3,35217
727.1,35213
729.4,35212
729.7,35204
730.0,35202
731.5,35201
733.2,35183
733.7,35181
734.4,35177
734.7,35176
736.6,35175
737.2,35174
737.3,35173
738.1,35172
738.7,35163
739.7,35158
743.3,35156
743.4,35140
749.3,35135
749.3,35134
749.5,35133
749.6,35132
749.6,35131
750.3,35130
752.1,35129
753.1,35093
753.8,35091
754.4,35090
755.5,35082
756.7,35081
757.6,35080
757.7,35077
758.3,35076
759.2,35068
759.4,35066
761.7,35064
762.2,35061
764.5,35059
766.5,35058
768.3,35056
768.4,35051
769.6,35050
770.0,35049
770.3,35048
770.5,35047
770.6,35046
770.8,35041
771.1,35039
774.0,35038
775.1,35027
775.1,35026
776.7,35017
776.7,35016
777.4,35012
779.4,35011
780.6,35007
783.1,35006
784.3,35005
784.4,35004
785.2,35002
785.9,35001
786.8,34999
786.9,34986
787.4,34979
788.7,34978
789.0,34977
790.6,34972
790.6,34971
791.7,34968
792.9,34966
793.3,34964
794.5,34962
796.0,34960
797.1,34959
797.3,34958
798.5,34956
798.7,34953
799.9,34951
800.3,34949
800.4,34948
800.5,34943
801.1,34942
801.7,34939
801.9,34929
802.9,34926
804.2,34925
805.4,34920
805.6,34917
806.3,34910
807.6,34895
807.7,34893
807.8,34892
809.7,34889
810.3,34888
810.6,34887
812.1,34886
812.5,34881
813.8,34879
814.4,34878
816.2,34876
818.2,34873
818.5,34864
818.7,34861
818.9,34860
819.1,34859
819.3,34851
820.1,34850
821.9,34848
823.7,34847
825.8,34840
827.1,34838
827.3,34825
829.1,34823
829.4,34821
829.5,34820
829.9,34819
830.1,34814
830.4,34812
830.6,34811
830.9,34810
835.2,34808
835.5,34801
836.2,34800
837.0,34799
837.3,34791
837.5,34790
838.0,34789
838.1,34788
841.8,34784
841.8,34783
842.0,34761
845.5,34758
845.7,34757
847.2,34753
849.5,34752
849.8,34747
852.6,34746
852.7,34744
852.9,34734
853.6,34733
853.7,34724
855.3,34723
855.8,34720
856.2,34719
857.7,34717
858.5,34715
858.6,34714
860.1,34707
862.7,34697
863.8,34683
864.1,34680
865.8,34678
866.2,34677
867.2,34676
869.0,34671
869.1,34670
869.6,34669
872.3,34656
873.1,34650
873.2,34647
873.4,34644
874.2,34643
875.0,34642
875.2,34641
876.4,34640
877.9,34638
878.1,34637
881.0,34631
882.5,34629
885.1,34627
885.2,34625
885.3,34623
886.7,34620
887.8,34603
889.0,34599
893.0,34595
895.8,34591
898.5,34587
900.3,34580
901.1,34574
901.1,34573
901.2,34572
901.2,34571
901.7,34570
902.8,34569
903.4,34568
903.7,34567
904.4,34565
906.1,34563
910.9,34555
911.4,34553
914.1,34549
914.4,34544
914.9,34543
915.5,34542
917.7,34534
917.8,34530
917.8,34528
918.6,34526
920.9,34525
921.0,34524
921.2,34517
921.8,34516
922.8,34515
924.0,34514
925.3,34512
926.5,34511
927.5,34510
927.7,34509
932.1,34507
933.8,34504
934.6,34490
934.9,34489
937.0,34488
937.9,34486
938.2,34484
939.2,34482
939.8,34481
940.6,34461
940.9,34460
942.1,34459
942.8,34452
943.7,34450
943.9,34449
944.3,34448
944.9,34447
944.9,34446
949.0,34441
949.2,34439
950.1,34434
950.6,34433
951.1,34427
951.1,34425
952.4,34424
957.1,34422
957.3,34417
957.9,34394
958.7,34393
960.8,34392
961.4,34386
963.3,34384
963.9,34380
964.0,34379
964.3,34376
966.2,34372
966.4,34371
967.6,34370
967.8,34369
968.0,34367
969.4,34366
970.7,34365
970.9,34364
972.7,34357
973.5,34353
978.7,34352
979.5,34316
979.6,34314
980.8,34312
981.4,34311
982.2,34309
984.9,34301
985.0,34300
986.6,34299
987.9,34298
988.4,34295
991.6,34283
991.7,34274
992.2,34272
992.9,34270
995.2,34268
996.7,34267
997.2,34255
997.9,34254
998.2,34251
998.2,34249
998.7,34244
1001.0,34242
1001.4,34241
1001.7,34239
1002.3,34238
1003.1,34234
1003.3,34233
1005.7,34232
1006.9,34231
1007.9,34229
1008.6,34226
1008.7,34224
1010.2,34223
1011.1,34222
1012.9,34220
1013.5,34219
1015.2,34218
1015.7,34217
1019.4,34216
1021.2,34215
1024.7,34210
1025.7,34209
1026.9,34208
1028.0,34207
1028.6,34199
1029.5,34198
1030.9,34197
1032.0,34196
1032.6,34195
1032.8,34193
1032.9,34192
1035.9,34187
1036.8,34186
1038.1,34180
1038.9,34179
1041.2,34177
1041.6,34175
1043.2,34156
1044.5,34154
1046.1,34152
1046.4,34151
1046.6,34150
1047.3,34149
1047.9,34148
1048.2,34139
1049.6,34137
1049.7,34134
1050.2,34132
1053.4,34128
1053.6,34123
1056.5,34120
1056.6,34118
1057.8,34114
1059.3,34113
1061.3,34112
1061.7,34111
1065.3,34110
1066.2,34109
1066.6,34107
1067.7,34105
1068.0,34104
1070.8,34101
1070.8,34099
1071.5,34097
1071.8,34096
1073.9,34089
1074.2,34088
1074.4,34086
1074.5,34085
1077.5,34083
1079.8,34076
1081.5,34075
1082.3,34074
1082.9,34072
1084.4,34071
1086.1,34070
1086.5,34054
1089.0,34053
1089.3,34042
1093.4,34041
1093.5,34040
1094.0,34039
1094.2,34038
1094.6,34035
1095.5,34034
1096.0,34033
1098.8,34032
1100.4,34031
1101.1,34030
1101.1,34029
1102.8,34028
1104.5,34025
1105.2,34021
1105.8,34020
1106.4,33997
1107.8,33993
1110.8,33988
1112.4,33984
1112.7,33981
1113.2,33974
1114.0,33973
1116.5,33970
1117.4,33960
1119.0,33959
1119.5,33958
1119.7,33957
1119.8,33955
1124.4,33952
1132.4,33950
1132.8,33948
1135.0,33945
1136.5,33942
1137.4,33941
1137.6,33937
1138.9,33933
1142.0,33930
1142.1,33929
1146.4,33928
1148.6,33927
1148.6,33926
1148.7,33924
1149.3,33923
1150.6,33920
1152.3,33919
1152.4,33916
1154.5,33914
1156.0,33913
1157.4,33912
1157.7,33911
1159.9,33910
1160.5,33907
1160.9,33903
1162.1,33902
1164.1,33901
1166.4,33899
1167.8,33896
1168.5,33894
1171.0,33887
1172.5,33886
1172.7,33885
1173.1,33883
1173.8,33875
1174.9,33874
1175.6,33857
1181.7,33856
1181.8,33851
1182.8,33850
1183.1,33848
1188.5,33847
1189.6,33846
1193.7,33844
1194.6,33842
1195.6,33841
1195.8,33840
1196.6,33838
1197.5,33837
1197.6,33836
1197.9,33835
1199.8,33834
1200.2,33833
1200.9,33832
1202.7,33826
1207.1,33824
1211.7,33821
1212.6,33820
1213.0,33817
1213.1,33814
1213.4,33812
1213.4,33811
1214.2,33809
1214.7,33808
1216.1,33798
1216.3,33797
1220.9,33795
1222.7,33794
1223.7,33791
1224.8,33789
1225.8,33788
1226.2,33787
1227.3,33780
1227.8,33776
1228.0,33774
1228.6,33773
1230.1,33769
1234.0,33765
1237.0,33764
1237.7,33763
1238.9,33762
1240.9,33759
1243.0,33754
1245.2,33752
1246.6,33751
1246.7,33744
1247.1,33742
1248.3,33740
1248.8,33739
1249.1,33737
1252.5,33736
1252.8,33735
1254.3,33727
1254.9,33726
1256.6,33724
1257.2,33723
1258.1,33721
1259.9,33720
1265.8,33719
1275.4,33718
1275.6,33713
1275.6,33712
1277.2,33710
1279.2,33709
1279.7,33708
1280.8,33707
1281.6,33705
1282.4,33700
1282.4,33697
1283.7,33692
1283.8,33691
1283.9,33690
1284.5,33688
1286.8,33687
1288.0,33686
1288.9,33684
1290.0,33682
1290.4,33681
1297.1,33677
1297.3,33674
1302.0,33673
1303.7,33672
1303.9,33671
1305.0,33670
1305.7,33669
1307.8,33668
1307.9,33666
1310.1,33665
1310.4,33664
1310.5,33662
1311.6,33661
1311.9,33659
1312.1,33658
1313.1,33657
1314.6,33652
1319.0,33651
1320.2,33650
1323.0,33648
1324.3,33640
1324.6,33638
1326.7,33636
1327.7,33631
1331.3,33629
1331.9,33628
1333.5,33626
1335.1,33625
1335.4,33624
1336.6,33623
1338.3,33619
1338.3,33618
1340.8,33617
1341.4,33616
1341.7,33612
1342.2,33611
1344.1,33610
1346.5,33602
1347.3,33601
1347.4,33600
1348.5,33597
1349.8,33593
1350.0,33590
1355.0,33589
1356.3,33588
1357.0,33587
1358.3,33586
1360.3,33585
1360.4,33584
1361.6,33583
1362.3,33582
1363.1,33581
1368.5,33579
1369.6,33578
1370.5,33576
1370.8,33574
1371.5,33573
1373.1,33566
1373.3,33565
1376.2,33562
1377.5,33561
1378.7,33556
1381.7,33552
1386.1,33551
1387.9,33549
1388.3,33548
1388.7,33546
1395.6,33544
1395.6,33543
1398.4,33542
1399.1,33538
1401.6,33501
1401.9,33500
1402.4,33496
1402.5,33495
1403.6,33493
1404.9,33492
1405.1,33490
1410.2,33488
1412.9,33482
1413.2,33476
1416.8,33475
1416.8,33474
1418.1,33473
1420.1,33472
1423.7,33460
1424.1,33456
1424.5,33455
1429.9,33454
1430.5,33452
1430.9,33450
1432.0,33449
1436.7,33442
1437.4,33441
1437.9,33436
1438.5,33435
1440.6,33434
1442.2,33431
1446.2,33429
1448.2,33427
1448.9,33425
1451.2,33420
1451.9,33419
1452.0,33416
1452.2,33413
1452.3,33412
1453.8,33411
1455.1,33409
1455.1,33408
1456.4,33407
1456.5,33406
1457.8,33405
1464.7,33404
1466.7,33403
1468.5,33402
1469.0,33401
1469.5,33399
1470.5,33397
1473.0,33393
1474.9,33392
1478.5,33390
1481.2,33388
1486.7,33386
1487.8,33385
1488.2,33384
1488.8,33382
1492.8,33376
1494.6,33375
1497.2,33370
1497.4,33369
1503.3,33368
1506.0,33367
1506.3,33366
1506.5,33365
1507.3,33364
1510.6,33360
1512.4,33359
1517.0,33358
1524.1,33357
1524.2,33356
1524.5,33354
1525.7,33353
1528.1,33351
1528.2,33349
1531.1,33348
1531.1,33347
1535.1,33346
1535.3,33344
1538.4,33340
1541.4,33339
1542.5,33336
1542.5,33335
1543.8,33328
1545.3,33315
1547.3,33314
1548.3,33313
1548.9,33308
1551.0,33306
1551.5,33303
1551.9,33298
1556.7,33297
1558.7,33292
1559.1,33290
1565.1,33288
1567.2,33287
1573.5,33286
1575.0,33284
1582.9,33282
1587.1,33253
1589.0,33250
1591.1,33249
1591.8,33248
1591.9,33247
1593.2,33244
1593.9,33242
1594.0,33240
1596.2,33238
1597.6,33236
1598.6,33234
1603.3,33233
1604.9,33232
1605.7,33231
1608.5,33227
1616.3,33226
1622.0,33225
1624.8,33220
1627.3,33214
1633.0,33213
1633.5,33211
1635.7,33207
1637.7,33205
1637.8,33204
1638.7,33178
1638.7,33175
1639.6,33174
1645.0,33167
1645.8,33166
1647.2,33165
1650.1,33164
1653.2,33162
1655.4,33161
1662.9,33159
1663.9,33157
1664.2,33153
1666.6,33149
1672.7,33146
1675.4,33145
1675.4,33144
1675.6,33142
1677.0,33141
1680.1,33137
1680.3,33135
1684.0,33134
1685.2,33130
1685.6,33125
1686.0,33123
1686.3,33122
1686.4,33121
1689.8,33120
1690.6,33113
1694.7,33110
1695.3,33106
1697.6,33104
1699.4,33102
1702.0,33101
1702.9,33097
1704.0,33095
1706.5,33093
1708.8,33092
1712.4,33091
1713.2,33089
1715.0,33088
1715.9,33087
1716.1,33085
1719.5,33084
1720.5,33083
1720.6,33082
1722.0,33081
1728.2,33077
1730.5,33074
1731.7,33070
1732.0,33069
1732.5,33068
1734.1,33067
1735.4,33066
1737.2,33065
1738.5,33064
1739.6,33062
1742.8,33058
1743.6,33053
1744.8,33052
1745.5,33051
1745.6,33050
1747.0,33049
1749.6,33048
1749.7,33047
1753.5,33046
1761.4,33045
1763.0,33044
1763.3,33037
1764.2,33036
1766.1,33035
1766.9,33034
1770.0,33033
1770.3,33032
1771.1,33030
1771.7,33028
1778.2,33027
1780.6,33026
1781.7,33025
1782.6,33024
1785.0,33023
1787.0,33022
1790.0,33020
1797.1,33017
1797.2,33015
1801.8,33013
1806.7,33012
1810.9,33009
1811.3,33008
1812.5,33002
1812.6,33001
1815.4,33000
1816.0,32999
1816.1,32994
1816.6,32993
1817.5,32992
1818.2,32991
1830.4,32990
1831.2,32987
1836.6,32983
1837.4,32979
1838.0,32978
1838.6,32976
1839.3,32974
1846.8,32973
1848.0,32972
1853.2,32970
1853.9,32969
1858.2,32968
1860.4,32966
1863.7,32963
1864.1,32957
1864.2,32956
1869.1,32954
1869.8,32953
1870.9,32951
1878.5,32950
1878.6,32945
1882.7,32939
1886.6,32938
1887.7,32937
1904.5,32936
1908.1,32929
1910.3,32928
1910.6,32927
1910.7,32920
1914.7,32917
1915.7,32914
1924.0,32913
1925.5,32912
1925.8,32911
1927.1,32910
1928.8,32908
1936.9,32907
1942.0,32905
1949.5,32904
1951.7,32898
1953.8,32897
1955.3,32896
1961.1,32895
1970.3,32893
1970.6,32892
1973.1,32890
1976.3,32884
1977.1,32883
1979.7,32881
1984.5,32880
1986.0,32879
1994.0,32877
1998.2,32876
1999.7,32874
2000.1,32873
2003.4,32869
2006.1,32868
2013.4,32866
2014.5,32857
2019.7,32856
2026.1,32855
2028.4,32854
2029.8,32851
2038.6,32849
2038.6,32847
2039.3,32845
2039.4,32843
2046.5,32841
2047.2,32838
2050.4,32833
2051.6,32827
2053.7,32826
2057.6,32825
2060.9,32824
2061.0,32823
2064.8,32813
2069.2,32811
2070.4,32810
2072.0,32808
2073.3,32807
2081.7,32806
2086.8,32805
2090.4,32804
2092.0,32801
2092.5,32799
2102.3,32797
2108.9,32795
2113.0,32794
2115.1,32793
2116.1,32788
2117.0,32786
2117.9,32785
2124.7,32784
2127.1,32781
2135.6,32780
2140.4,32777
2142.4,32773
2147.4,32771
2152.3,32765
2153.7,32763
2158.1,32762
2159.4,32760
2159.5,32758
2165.4,32757
2168.0,32755
2168.1,32752
2170.4,32748
2179.1,32746
2180.6,32743
2184.9,32742
2185.8,32741
2194.0,32740
2196.2,32739
2205.9,32737
2215.1,32736
2221.4,32730
2221.7,32729
2224.1,32728
2229.7,32727
2231.2,32726
2233.3,32722
2235.4,32721
2246.5,32720
2247.5,32719
2256.4,32718
2263.8,32717
2278.8,32715
2278.8,32714
2279.0,32712
2280.7,32711
2282.8,32709
2284.6,32707
2288.9,32705
2298.6,32704
2305.7,32703
2306.9,32701
2312.2,32698
2319.6,32697
2320.8,32695
2322.2,32694
2323.0,32692
2328.7,32691
2330.0,32687
2334.5,32686
2336.9,32685
2351.3,32684
2351.9,32683
2353.8,32682
2360.1,32681
2360.2,32680
2360.8,32679
2377.3,32678
2383.3,32675
2385.3,32673
2392.5,32670
2395.4,32668
2397.6,32667
2397.9,32665
2399.7,32664
2402.0,32663
2403.3,32662
2405.2,32661
2406.7,32660
2408.4,32656
2409.9,32655
2414.5,32653
2420.8,32652
2424.2,32651
2424.4,32650
2426.9,32648
2435.4,32647
2437.5,32645
2448.7,32644
2452.7,32643
2456.1,32642
2459.9,32641
2462.0,32640
2463.5,32639
2466.4,32638
2467.0,32637
2472.3,32636
2474.5,32635
2478.0,32634
2480.5,32633
2480.5,32632
2485.6,32630
2488.9,32629
2496.9,32628
2498.5,32627
2498.7,32625
2501.2,32619
2514.0,32618
2530.7,32617
2533.5,32615
2540.1,32614
2542.2,32613
2542.2,32612
2543.5,32610
2551.4,32609
2552.5,32606
2561.6,32601
2561.6,32599
2565.2,32598
2566.5,32596
2579.9,32595
2582.2,32594
2585.6,32593
2591.9,32592
2593.4,32591
2593.6,32589
2594.8,32588
2599.3,32587
2601.7,32586
2611.8,32585
2612.2,32584
2618.8,32583
2626.4,32582
2645.5,32581
2652.2,32580
2660.6,32578
2667.7,32577
2668.7,32576
2669.6,32575
2674.3,32574
2681.6,32572
2682.1,32571
2682.9,32569
2686.3,32567
2689.7,32566
2699.5,32563
2710.3,32561
2729.8,32560
2730.9,32559
2731.6,32558
2732.1,32557
2734.5,32555
2740.2,32554
2743.5,32550
2744.6,32549
2745.0,32547
2748.6,32546
2767.3,32545
2771.1,32543
2772.3,32540
2772.5,32538
2794.5,32536
2796.0,32535
2801.7,32534
2804.3,32533
2813.5,32532
2817.1,32530
2819.7,32529
2820.9,32528
2821.5,32526
2825.0,32524
2832.1,32522
2832.1,32520
2835.2,32518
2849.4,32517
2861.9,32515
2863.1,32514
2863.4,32513
2880.6,32508
2881.5,32507
2883.2,32504
2905.5,32502
2920.8,32500
2924.1,32498
2925.6,32496
2930.0,32495
2936.5,32491
2939.0,32489
2947.6,32486
2948.5,32485
2959.6,32483
2965.1,32482
2972.9,32481
2983.1,32479
2986.5,32478
2999.3,32475
3008.1,32472
3009.8,32468
3011.4,32467
3016.1,32466
3024.2,32464
3029.5,32463
3036.8,32462
3050.1,32461
3059.8,32460
3061.5,32459
3069.3,32458
3071.9,32455
3076.8,32453
3082.4,32451
3086.5,32450
3107.8,32449
3110.2,32448
3114.9,32445
3120.1,32442
3128.8,32439
3141.0,32438
3142.4,32437
3146.7,32434
3176.1,32433
3178.7,32432
3184.6,32430
3193.6,32429
3198.3,32428
3202.7,32427
3210.3,32426
3211.9,32423
3218.0,32422
3228.6,32421
3232.7,32418
3236.4,32417
3238.4,32416
3250.5,32415
3263.5,32414
3274.7,32410
3275.9,32409
3277.5,32408
3279.9,32407
3283.5,32405
3283.8,32403
3298.9,32402
3298.9,32401
3312.2,32400
3334.8,32399
3346.5,32397
3347.3,32395
3350.2,32394
3356.9,32392
3361.7,32391
3365.7,32390
3374.8,32388
3398.1,32387
3402.3,32386
3409.0,32385
3417.4,32382
3418.0,32380
3423.4,32379
3449.6,32377
3467.7,32375
3472.3,32371
3472.5,32370
3477.0,32369
3477.1,32366
3495.3,32364
3496.2,32353
3509.4,32351
3514.8,32349
3525.5,32348
3535.5,32347
3536.6,32346
3539.7,32345
3545.6,32343
3555.5,32342
3558.7,32341
3570.8,32340
3592.3,32339
