benchmark,exit,original_size,original_2q,final_size,final_2q,symb_applied
grover_pigeon3,0,17438,92,11541,92,0
portfolioqaoa_nativegates_ibm_tket_8,0,4464,168,3741,168,0
portfoliovqe_nativegates_ibm_tket_8,0,1912,84,1782,84,0
qaoa_10,0,205,85,177,57,0
qaoa_5,0,177,42,164,37,0
qaoa_n10_p4,0,730,120,711,119,0
qaoa_n4_p4,0,292,48,214,36,0
qaoa_n8_p4,0,584,96,530,95,0
qaoa_nativegates_ibm_tket_8,0,952,32,830,32,0
qe_qft_4,0,247,27,243,27,0
qe_qft_5,0,383,38,373,38,0
qft_10_quest,0,381,216,285,120,0
qft_20,0,3290,380,3281,380,0
qft_5,0,208,33,208,33,0
qft_nativegates_ibm_tket_8,0,1814,68,1208,68,0
qftentangled_nativegates_ibm_tket_8,0,2019,75,1384,75,0
qpeexact_nativegates_ibm_tket_8,0,1747,64,1124,64,0
qpeinexact_nativegates_ibm_tket_8,0,1791,65,1103,65,0
qf21_n15,0,371,115,369,114,0
vqe_4,0,509,74,483,74,0
vqe_nativegates_ibm_tket_8,0,535,14,370,14,0
vqe_uccsd_n4,0,556,88,228,62,0
vqe_uccsd_n6,0,5522,1052,2456,880,0
ham15-high,0,6778,2149,5681,2138,0
misex1_241,0,6065,2100,4764,1767,0
0410184_169,0,287,104,257,93,0
4gt10-v1_81,0,188,66,155,54,0
4gt12-v1_89,0,292,100,221,84,0
4gt13_90,0,131,53,92,36,0
4gt13_92,0,82,30,67,25,0
4gt4-v0_72,0,326,113,272,96,0
4gt4-v0_73,0,491,179,398,152,0
4gt5_76,0,111,46,88,40,0
4mod5-bdd_287,0,98,31,75,22,0
4mod5-v0_18,0,93,31,59,18,0
4mod7-v1_96,0,212,72,168,54,0
C17_204,0,587,205,481,178,0
TFIM_step_100_16,0,3840,240,3720,240,0
TFIM_step_10_4,0,192,12,158,12,0
XY_step_100_8,0,784,56,768,56,0
adder_8,0,1060,409,1053,405,0
adder_9,0,194,98,134,51,0
ae_nativegates_ibm_tket_8,0,1626,56,983,56,0
aj-e11_165,0,191,69,164,55,0
alu-bdd_288,0,108,38,93,32,0
alu-v0_27,0,48,17,41,15,0
alu-v1_28,0,49,18,40,14,0
alu-v1_29,0,53,17,43,14,0
alu-v2_30,0,636,223,534,190,0
alu-v3_34,0,68,24,57,20,0
alu-v4_37,0,49,18,40,15,0
barenco_tof_3,0,70,24,69,24,0
cm42a_207,0,2276,771,1865,677,0
cm82a_208,0,838,283,688,249,0
csum_mux_9,0,476,168,476,168,0
cycle10_2_110,0,7562,2648,6075,2292,0
dc1_220,0,2430,833,1947,713,0
decod24-v3_45,0,206,64,158,50,0
ex1_226,0,15,5,11,5,0
f2_232,0,1530,525,1229,441,0
gf2^10_mult,0,1423,609,1423,609,0
gf2^4_mult,0,253,99,252,99,0
gf2^8_mult,0,943,405,942,404,0
ham15-med,0,1711,534,1466,525,0
ham7_104,0,396,149,342,122,0
heisenberg_step_10_4,0,1232,180,779,122,0
heisenberg_step_20_4,0,2462,360,1524,240,0
heisenberg_step_30_4,0,3692,540,2285,364,0
heisenberg_step_35_4,0,4307,630,2741,424,0
heisenberg_step_45_4,0,5537,810,3398,544,0
heisenberg_step_50_4,0,6152,900,3795,600,0
hlf_10,0,119,56,106,45,0
hwb4_49,0,289,107,233,85,0
hwb5_53,0,1664,598,1433,522,0
hwb6,0,415,116,321,111,0
hwb6_56,0,8399,2952,7056,2576,0
ising_model_13,0,919,120,896,120,0
ising_model_16,0,1138,150,1112,150,0
majority_239,0,776,267,608,219,0
miller_11,0,62,23,55,18,0
adr4_197,0,4355,1498,3485,1326,0
mod10_171,0,308,108,246,82,0
mod10_176,0,226,78,186,64,0
mod5_4,0,75,28,70,25,0
mod_mult_55,0,147,48,144,48,0
mod_red_21,0,338,105,328,105,0
muliply_5,0,165,20,150,19,0
multiply_10,0,310,163,249,109,0
one-two-three-v0_97,0,362,128,300,102,0
one-two-three-v1_99,0,168,59,134,46,0
one-two-three-v2_100,0,89,32,76,24,0
qcla_adder_10,0,621,233,621,233,0
qcla_com_7,0,521,186,521,186,0
qgan_nativegates_ibm_tket_8,0,700,28,612,28,0
qiskit-alu-v0_26,0,108,38,87,33,0
radd_250,0,4045,1405,3188,1208,0
rd32-v1_68,0,52,16,30,9,0
rd32_270,0,116,36,92,27,0
rd53_131,0,649,200,476,170,0
rd53_133,0,724,256,540,202,0
rd53_135,0,368,134,298,109,0
rd53_138,0,164,60,133,47,0
rd53_251,0,1639,564,1324,495,0
rd73_140,0,286,104,252,95,0
rd73_252,0,6737,2319,5348,2013,0
z4_268,0,3881,1343,3261,1236,0
sf_274,0,1025,336,834,290,0
pm1_249,0,2276,771,1865,677,0
sqrt8_260,0,3805,1314,3086,1142,0
sym6_145,0,4860,1701,3865,1464,0
sym6_316,0,346,123,300,102,0
tof_5,0,133,42,133,42,0
wim_266,0,1270,427,1051,377,0
heisenberg_step_40_4,0,4922,720,3020,484,0
cm152a_212,0,1545,532,1219,462,0
rd53_130,0,1375,448,1097,394,0
sf_276,0,1010,336,806,279,0
ex2_227,0,807,275,647,244,0
ham15-low,0,637,236,538,234,0
heisenberg_step_5_4,0,617,90,401,60,0
alu-v2_31,0,567,198,461,158,0
gf2^6_mult,0,539,221,539,221,0
barenco_tof_10,0,518,192,518,192,0
mod8-10_178,0,430,152,359,130,0
decod24-enable_126,0,422,149,351,121,0
gf2^5_mult,0,383,154,382,154,0
rd53_311,0,367,124,323,113,0
mini-alu_167,0,360,126,297,97,0
4gt12-v0_86,0,311,116,262,98,0
4gt4-v0_78,0,291,109,239,91,0
4_49_16,0,273,99,219,76,0
rc_adder_6,0,244,93,232,81,0
4gt12-v0_88,0,242,86,200,72,0
4gt4-v0_80,0,227,79,187,68,0
one-two-three-v0_98,0,182,65,157,53,0
