benchmark,original_2q,optimized_2q
sys6-v0_111,98,93
rd84_142,154,147
ham15-low,236,225
TFIM_step_60_4,12,12
hlf_10,56,24
qcla_mod_7,382,366
heisenberg_step_20_4,360,200
radd_250,1405,1398
4gt4-v0_78,109,104
sqn_258,4459,4448
gf2^8_mult,405,402
4mod7-v0_94,72,69
co14_215,7840,7786
sf_276,336,336
vqe_uccsd_n6,1052,839
TFIM_step_20_4,12,12
decod24-v1_41,38,37
sym9_148,9408,9387
vqe_uccsd_n8,5488,4521
wim_266,427,426
sym9_146,148,141
urf2_152,35210,34049
gf2^4_mult,99,99
heisenberg_step_45_4,810,450
mlp4_245,8232,8221
vqe_4,74,68
4gt4-v0_79,105,100
cnt3-5_179,85,75
decod24-bdd_294,32,32
TFIM_step_30_4,12,12
dc1_220,833,833
4gt5_77,58,57
qaoa_n10_p4,120,120
mini-alu_167,126,126
qe_qft_5,38,20
gf2^5_mult,154,154
alu-v4_37,18,17
con1_216,415,413
root_255,7493,7487
grover_pigeon3,92,92
max46_240,11844,11827
urf2_277,10066,9641
adder_9,98,56
urf1_278,26692,25721
qft_5,33,20
qpeinexact_nativegates_ibm_tket_8,65,56
TFIM_step_70_4,12,12
qaoa_n14_p4,168,168
alu-v4_36,51,48
rd53_251,564,560
qaoa_n20_p4,240,240
qe_qft_4,27,12
gf2^9_mult,494,494
4gt5_76,46,36
heisenberg_step_30_4,540,300
csum_mux_9,168,168
TFIM_step_100_32,992,992
adder_8,409,383
sqrt8_260,1314,1311
qaoa_n30_p4,360,360
heisenberg_step_15_4,270,150
decod24-v0_38,23,20
4gt13_90,53,46
graycode6_47,5,5
4gt13-v1_93,30,29
rd32-v0_66,16,10
mod5_4,28,28
alu-v3_35,18,17
sym10_262,28084,27967
cm42a_207,771,769
decod24-v3_45,64,64
ising_model_13,120,120
4gt12-v0_86,116,110
4gt12-v0_88,86,85
portfoliovqe_nativegates_ibm_tket_8,84,84
mod5mils_65,16,16
qaoa_5,42,21
mod_red_21,105,104
qft_nativegates_ibm_tket_8,68,56
rd73_140,104,98
TFIM_step_100_16,240,240
4gt13_91,49,45
TFIM_step_80_4,12,12
TFIM_step_100_4,12,12
4gt12-v0_87,112,109
alu-v3_34,24,24
4mod5-v0_20,10,9
mod5d2_64,25,25
XY_step_100_8,56,56
4mod5-v0_18,31,28
4gt10-v1_81,66,65
mod_mult_55,48,48
TFIM_step_90_4,12,12
rd53_135,134,133
4gt12-v1_89,100,100
3_17_13,17,17
inc_237,4636,4634
alu-v2_33,17,17
qpeexact_nativegates_ibm_tket_8,64,55
decod24-v2_43,22,21
heisenberg_step_50_8,2100,1300
rd53_133,256,249
z4_268,1343,1336
4mod5-v0_19,16,16
ae_nativegates_ibm_tket_8,56,56
rd73_252,2319,2309
rd32-v1_68,16,10
qft_10_quest,216,107
alu-v2_32,72,72
qaoa_n4_p4,48,48
sym6_145,1701,1701
square_root_7,3089,2550
mod5d1_63,13,13
rd53_311,124,123
ex-1_166,9,8
one-two-three-v0_98,65,62
barenco_tof_5,72,72
cycle10_2_110,2648,2630
tof_4,30,29
decod24-enable_126,149,149
4gt4-v0_72,113,113
qft_10,90,0
tof_3,18,18
misex1_241,2100,2097
one-two-three-v3_101,32,32
urf5_280,23764,22928
portfolioqaoa_nativegates_ibm_tket_8,168,168
vqe_uccsd_n4,88,61
barenco_tof_3,24,24
4gt4-v0_80,79,79
one-two-three-v0_97,128,128
one-two-three-v2_100,32,31
4gt4-v0_73,179,169
qft_16,240,0
sf_274,336,336
tof_5,42,40
barenco_tof_4,48,48
qft_20,380,380
hwb6,116,111
muliply_5,20,14
squar5_261,869,866
rd32_270,36,34
qiskit-alu-v0_26,38,38
rc_adder_6,93,81
4gt4-v1_74,119,119
hwb8_113,30372,30181
mod10_176,78,77
adder_4,24,15
mod10_171,108,107
cm82a_208,283,281
one-two-three-v1_99,59,58
hwb5_53,598,591
4mod7-v1_96,72,69
qcla_com_7,186,174
qftentangled_nativegates_ibm_tket_8,75,61
miller_11,23,19
C17_204,205,203
qaoa_n6_p4,72,72
hlf_5,14,4
adr4_197,1498,1488
cnt3-5_180,215,205
rd84_253,5960,5942
qaoa_10,85,40
tof_10,102,95
dc2_222,4131,4126
ex1_226,5,5
ex2_227,275,275
ham15_107,3858,3825
ex3_229,175,175
TFIM_step_100_8,56,56
ising_model_10,90,90
mini_alu_305,77,77
mod8-10_177,196,192
alu-v0_27,17,17
heisenberg_step_40_4,720,400
4mod5-v1_22,11,9
ham3_102,11,7
csla_mux_3,80,71
mod8-10_178,152,152
ham15-med,534,498
TFIM_step_40_4,12,12
0410184_169,104,97
alu-v0_26,38,38
life_238,9800,9745
9symml_195,15232,15127
ising_model_16,150,150
heisenberg_step_5_4,90,50
multiply_10,163,104
barenco_tof_10,192,192
gf2^6_mult,221,221
4mod5-v1_24,16,16
ground_state_estimation_10,154209,0
hwb6_56,2952,2929
4mod5-v1_23,32,32
pm1_249,771,769
mod5adder_127,239,239
cm85a_209,4986,4966
4gt13_92,30,30
qaoa_nativegates_ibm_tket_8,32,32
heisenberg_step_25_4,450,250
xor5_254,5,5
sao2_257,16864,16786
TFIM_step_50_4,12,12
4_49_16,99,95
alu-bdd_288,38,38
f2_232,525,525
sym9_193,15232,15127
heisenberg_step_10_4,180,100
gf2^10_mult,609,609
alu-v2_30,223,218
qgan_nativegates_ibm_tket_8,28,28
alu-v1_28,18,18
rd53_138,60,56
4gt11_84,9,8
4gt11_83,14,11
gf2^7_mult,300,300
hwb4_49,107,99
ham15-high,2149,2120
4mod5-bdd_287,31,29
heisenberg_step_35_4,630,350
rd53_131,200,197
alu-v2_31,198,197
majority_239,267,266
alu-v1_29,17,17
TFIM_step_10_4,12,12
heisenberg_step_50_4,900,500
aj-e11_165,69,68
vbe_adder_3,70,62
rd53_130,448,448
vqe_nativegates_ibm_tket_8,14,14
hwb7_59,10681,10604
ham7_104,149,145
XY_step_100_4,12,12
qiskit-3_17_13,17,17
cm152a_212,532,531
qcla_adder_10,233,205
clip_206,14772,14737
qaoa_n8_p4,96,96
sym6_316,123,123
dist_223,16624,16602
